[{"nombre":"Pepito Conejo","edad":25,"carnet de conducir":true},{"nombre":"Ana Barberá","edad":90,"carnet de conducir":false},{"nombre":"Manito grande","edad":28,"carnet de conducir":true},{"nombre":"Tomás el molinos","edad":60,"carnet de conducir":false},{"nombre":"Manito grande","edad":28,"carnet de conducir":true},{"nombre":"Tomás el molinos","edad":60,"carnet de conducir":false},{"nombre":"Manito grande","edad":28,"carnet de conducir":true},{"nombre":"Tomás el molinos","edad":60,"carnet de conducir":false},{"nombre":"Manito grande","edad":28,"carnet de conducir":true},{"nombre":"Tomás el molinos","edad":60,"carnet de conducir":false},{"nombre":"Manito grande","edad":28,"carnet de conducir":true},{"nombre":"Tomás el molinos","edad":60,"carnet de conducir":false},{"nombre":"Manito grande","edad":28,"carnet de conducir":true},{"nombre":"Tomás el molinos","edad":60,"carnet de conducir":false},{"nombre":"Manito grande","edad":28,"carnet de conducir":true},{"nombre":"Tomás el molinos","edad":60,"carnet de conducir":false},{"nombre":"Manito grande","edad":28,"carnet de conducir":true},{"nombre":"Tomás el molinos","edad":60,"carnet de conducir":false},{"nombre":"Manito grande","edad":28,"carnet de conducir":true},{"nombre":"Tomás el molinos","edad":60,"carnet de conducir":false},{"nombre":"Manito grande","edad":28,"carnet de conducir":true},{"nombre":"Tomás el molinos","edad":60,"carnet de conducir":false}]